{"GT-detection": 0.02293229103088379, "YOLO-0.5-detection": 31.62919282913208, "GT-pose": 0.008556650246298253, "BP-0.5-pose": 127.95952450980397, "FRCNN-0.7-detection": 198.56990098953247}